,City,Cloudiness,Country,Date,Humidity,Lat,Lng,Max Temp,Wind Speed
0,vaini,0,IN,1559447536,74,15.34,74.49,299.15,3.1
1,ponta do sol,0,BR,1559447536,93,-20.63,-46.0,289.715,0.58
2,barrow,59,AR,1559447537,51,-38.31,-60.23,283.915,3.89
3,denia,0,ES,1559447537,58,38.84,0.11,290.93,1.78
4,puerto ayora,34,EC,1559447431,95,-0.74,-90.35,296.48,3.59
5,khatanga,62,RU,1559447537,69,71.98,102.47,281.315,3.27
6,robore,100,BO,1559447537,91,-18.33,-59.76,290.215,1.99
7,ushuaia,75,AR,1559447537,69,-54.81,-68.31,277.15,7.2
8,mokhsogollokh,95,RU,1559447537,64,61.4,128.95,287.815,2.74
9,albany,90,US,1559447374,72,42.65,-73.75,293.15,4.6
10,puerto montt,90,CL,1559447538,87,-41.47,-72.94,285.15,7.7
11,teahupoo,20,PF,1559447538,66,-17.83,-149.27,302.15,3.1
12,butaritari,45,KI,1559447538,70,3.07,172.79,302.415,2.78
13,punta arenas,90,CL,1559447538,86,-53.16,-70.91,278.15,11.3
14,saldanha,97,PT,1559447538,46,41.42,-6.55,289.115,1.11
15,hermanus,94,ZA,1559447538,98,-34.42,19.24,285.93,4.5
16,coquimbo,0,CL,1559447356,93,-29.95,-71.34,284.82,2.6
17,sisimiut,40,GL,1559447539,84,66.94,-53.67,275.315,5.15
18,tiksi,86,RU,1559447539,94,71.64,128.87,274.015,4.29
19,namatanai,56,PG,1559447539,84,-3.66,152.44,300.615,5.37
20,upernavik,1,GL,1559447539,92,72.79,-56.15,272.715,4.64
21,labuhan,90,ID,1559447539,54,-2.54,115.51,306.615,0.06
22,jaguaribe,30,BR,1559447539,90,-5.88,-38.62,294.515,1.56
23,tasiilaq,0,GL,1559447539,100,65.61,-37.64,270.15,1.5
24,jamestown,22,AU,1559447540,56,-33.21,138.6,288.115,4.6
25,mataura,94,NZ,1559447540,77,-46.19,168.86,283.15,1.76
26,sambava,74,MG,1559447540,98,-14.27,50.17,291.515,1.4
27,avarua,1,CK,1559447540,74,-21.21,-159.78,299.15,6.7
28,hobart,75,AU,1559447406,87,-42.88,147.33,283.15,3.1
29,cayenne,84,GF,1559447541,100,4.94,-52.33,297.15,1.5
30,busselton,0,AU,1559447541,28,-33.64,115.35,294.82,7.23
31,rikitea,100,PF,1559447541,79,-23.12,-134.97,296.215,10.88
32,airai,41,TL,1559447541,54,-8.93,125.41,303.015,3.75
33,mandeville,40,JM,1559447541,83,18.04,-77.51,300.15,2.6
34,rio grande,0,BR,1559447541,91,-32.03,-52.1,285.715,0.48
35,kruisfontein,41,ZA,1559447542,97,-34.0,24.73,285.915,3.26
36,faanui,0,PF,1559447542,69,-16.48,-151.75,300.915,4.18
37,celestun,100,MX,1559447542,81,20.87,-90.4,301.015,7.75
38,bethel,20,US,1559447542,67,60.79,-161.76,287.15,3.6
39,atuona,27,PF,1559447542,77,-9.8,-139.03,300.715,5.26
40,eganville,90,CA,1559447542,76,45.54,-77.1,286.15,2.61
41,northam,100,GB,1559447543,84,51.04,-4.21,289.82,4.47
42,cape town,20,ZA,1559447402,100,-33.93,18.42,287.59,0.5
43,marsh harbour,7,BS,1559447543,78,26.54,-77.06,299.915,2.09
44,saint-leu,0,RE,1559447543,53,-21.15,55.28,295.37,3.6
45,new norfolk,75,AU,1559447543,87,-42.78,147.06,283.15,3.1
46,lorengau,82,PG,1559447543,88,-2.02,147.27,300.715,4.31
47,nanortalik,8,GL,1559447543,89,60.14,-45.24,274.715,0.83
48,meulaboh,100,ID,1559447286,73,4.14,96.13,300.915,1.73
49,puerto escondido,90,MX,1559447544,94,15.86,-97.07,298.15,1.09
50,ulladulla,40,AU,1559447544,48,-35.36,150.48,292.15,2.6
51,adrar,0,DZ,1559447544,25,27.87,-0.29,296.15,5.7
52,thompson,75,CA,1559447472,75,55.74,-97.86,278.15,2.6
53,luderitz,0,NA,1559447544,93,-26.65,15.16,282.15,1.0
54,nara,75,JP,1559447544,53,34.68,135.8,297.59,1.5
55,san patricio,37,PY,1559447544,98,-26.98,-56.83,287.815,2.61
56,cidreira,99,BR,1559447545,79,-30.17,-50.22,291.115,4.14
57,altos del rosario,100,CO,1559447545,95,8.79,-74.16,297.315,1.07
58,luanda,75,AO,1559447545,88,-8.83,13.24,294.15,1.5
59,isangel,75,VU,1559447545,57,-19.55,169.27,299.15,4.1
60,depok,20,ID,1559447545,62,-6.41,106.81,308.71,1.0
61,kavieng,37,PG,1559447545,71,-2.57,150.8,303.215,6.16
62,rio claro,53,BR,1559447545,67,-22.41,-47.56,295.93,0.45
63,cherskiy,1,RU,1559447546,40,68.75,161.3,286.815,7.21
64,bambanglipuro,96,ID,1559447546,79,-7.95,110.28,300.215,7.45
65,bluff,64,AU,1559447546,64,-23.58,149.07,292.715,2.59
66,kachiry,8,KZ,1559447546,60,53.07,76.1,290.015,2.14
67,grindavik,75,IS,1559447546,81,63.84,-22.43,279.15,2.6
68,kulhudhuffushi,100,MV,1559447546,76,6.62,73.07,302.615,5.31
69,damghan,0,IR,1559447546,55,36.17,54.34,284.215,1.28
70,princeton,40,US,1559447427,77,41.37,-89.46,294.15,2.6
71,atbasar,36,KZ,1559447547,63,51.81,68.36,291.815,2.25
72,dourbali,62,TD,1559447547,38,11.81,15.86,306.115,3.68
73,leningradskiy,1,RU,1559447547,90,69.38,178.42,273.715,4.68
74,manavalakurichi,75,IN,1559447547,74,8.13,77.3,303.15,2.1
75,bubaque,63,GW,1559447547,80,11.28,-15.83,299.315,6.2
76,shahrud,0,IR,1559447548,60,36.42,54.97,279.915,1.62
77,ojinaga,1,US,1559447548,35,29.56,-104.41,303.15,3.6
78,xuddur,71,SO,1559447548,85,4.12,43.89,295.815,7.07
79,sabang,35,PH,1559447341,74,13.72,123.58,304.015,4.3
80,yellowknife,90,CA,1559447548,76,62.45,-114.38,283.15,6.2
81,pocone,0,BR,1559447548,68,-16.26,-56.62,296.415,0.47
82,port alfred,3,ZA,1559447548,92,-33.59,26.89,288.71,2.68
83,victoria,75,BN,1559447549,79,5.28,115.24,303.15,2.1
84,castro,90,CL,1559447469,100,-42.48,-73.76,283.15,6.2
85,yulara,0,AU,1559447549,44,-25.24,130.99,289.15,6.7
86,vila franca do campo,40,PT,1559447531,100,37.72,-25.43,291.15,4.1
87,esperance,40,TT,1559447549,83,10.24,-61.45,299.26,2.6
88,kampong thum,100,KH,1559447509,65,12.71,104.89,305.715,1.75
89,codrington,75,AU,1559447550,68,-28.95,153.24,293.15,1.5
90,guerrero negro,0,MX,1559447550,80,27.97,-114.04,291.515,5.09
91,jacareacanga,100,BR,1559447550,91,-6.22,-57.76,296.415,0.78
92,geraldton,40,CA,1559447544,60,49.72,-86.95,279.15,4.6
93,lata,44,IN,1559447550,56,30.78,78.62,280.415,2.36
94,mahebourg,75,MU,1559447550,94,-20.41,57.7,296.15,3.6
95,genhe,66,CN,1559447550,27,50.78,121.52,290.315,1.67
96,dikson,100,RU,1559447550,94,73.51,80.55,273.115,3.9
97,bambous virieux,75,MU,1559447551,94,-20.34,57.76,296.15,3.6
98,san antonio,20,CL,1559447552,100,-33.58,-71.61,282.15,0.5
99,tura,1,IN,1559447552,60,25.52,90.21,303.815,2.66
100,pevek,0,RU,1559447552,81,69.7,170.27,275.315,6.74
101,kyzyl-suu,80,KG,1559447363,58,42.34,78.0,288.715,2.86
102,namibe,0,AO,1559447553,79,-15.19,12.15,293.015,4.27
103,lucapa,52,AO,1559447553,40,-8.42,20.74,291.515,1.98
104,ilam,0,IR,1559447553,23,33.64,46.42,297.15,1.0
105,narsaq,13,GL,1559447553,69,60.91,-46.05,277.15,3.1
106,buchanan,20,LR,1559447553,94,5.88,-10.05,298.15,2.9
107,qaanaaq,100,GL,1559447528,93,77.48,-69.36,269.715,3.27
108,ribeira grande,99,PT,1559447553,93,38.52,-28.7,292.215,5.25
109,joshimath,1,IN,1559447554,20,30.57,79.57,292.715,1.22
110,beitbridge,0,ZA,1559447554,56,-22.21,29.99,286.515,1.73
111,saint-philippe,90,CA,1559447554,72,45.36,-73.48,289.26,2.1
112,komsomolskiy,100,RU,1559447336,99,67.55,63.78,274.615,3.2
113,hasaki,75,JP,1559447554,64,35.73,140.83,299.26,4.1
114,matnog,28,PH,1559447554,72,12.59,124.08,303.815,3.69
115,kodiak,1,US,1559447554,42,39.95,-94.76,295.37,2.6
116,richards bay,0,ZA,1559447554,83,-28.77,32.06,292.315,2.87
117,tabou,100,CI,1559447555,98,4.42,-7.36,296.115,0.76
118,mezen,1,RU,1559447555,50,65.85,44.24,283.815,6.77
119,la ronge,90,CA,1559447555,37,55.1,-105.3,286.15,4.1
120,riyadh,0,SA,1559447544,14,24.63,46.72,301.15,1.57
121,berlevag,99,NO,1559447470,92,70.86,29.09,276.915,7.0
122,mwingi,6,KE,1559447555,94,-0.93,38.07,289.815,2.1
123,ormara,0,PK,1559447555,58,25.21,64.64,304.115,2.75
124,flinders,40,AU,1559447555,48,-34.58,150.85,293.15,2.6
125,kapaa,40,US,1559447556,83,22.08,-159.32,302.15,6.7
126,grand-lahou,100,CI,1559447556,98,5.24,-5.0,295.515,0.75
127,salalah,75,OM,1559447556,74,17.01,54.1,302.15,2.1
128,belaya gora,0,RU,1559447556,32,68.54,146.19,290.915,4.12
129,virginia beach,1,US,1559447556,100,36.85,-75.98,294.82,1.86
130,paita,17,PE,1559447556,91,-5.09,-81.11,293.015,7.42
131,caravelas,0,BR,1559447556,88,-17.73,-39.27,297.615,2.74
132,kidal,100,ML,1559447557,12,18.44,1.41,304.915,5.72
133,xining,24,CN,1559447557,35,36.62,101.77,293.15,2.15
134,uruacu,0,BR,1559447557,67,-14.52,-49.14,293.615,2.05
135,lavrentiya,64,RU,1559447557,54,65.58,-170.99,284.315,1.67
136,rucheng,95,CN,1559447557,82,25.55,113.68,296.815,1.24
137,tessalit,52,ML,1559447260,14,20.2,1.01,303.115,4.71
138,hithadhoo,71,MV,1559447479,78,-0.6,73.08,302.215,4.64
139,chuy,1,UY,1559447557,75,-33.69,-53.46,288.615,4.33
140,katobu,98,ID,1559447558,87,-4.94,122.53,300.415,2.07
141,esik,90,KZ,1559447558,88,43.36,77.47,291.15,2.0
142,banda aceh,100,ID,1559447558,69,5.56,95.32,301.815,0.38
143,sorland,100,NO,1559447558,92,67.67,12.69,279.515,5.79
144,norman wells,90,CA,1559447557,76,65.28,-126.83,283.15,1.5
145,hilo,90,US,1559447303,83,19.71,-155.08,297.15,3.6
146,tuktoyaktuk,90,CA,1559447558,80,69.44,-133.03,274.15,7.7
147,bonthe,100,SL,1559447558,82,7.53,-12.5,299.815,2.64
148,todos santos,5,MX,1559447558,69,23.45,-110.23,298.15,3.1
149,fort nelson,75,CA,1559447559,71,58.81,-122.69,287.15,2.6
150,arman,84,RU,1559447559,70,59.7,150.17,283.315,2.94
151,gushikawa,75,JP,1559447559,83,26.35,127.87,302.15,7.2
152,fortuna,0,ES,1559447559,39,38.18,-1.13,290.15,3.1
153,pinega,2,RU,1559447559,48,64.7,43.39,284.715,4.34
154,olinda,75,EC,1559447559,61,-2.03,-79.75,300.15,4.6
155,pisco,90,PE,1559447559,77,-13.71,-76.2,292.15,2.1
156,saint george,40,GR,1559447560,67,39.45,22.34,290.15,2.1
157,brazzaville,20,CD,1559447560,88,-4.27,15.27,297.15,1.5
158,mar del plata,36,AR,1559447560,77,-46.43,-67.52,279.615,4.0
159,itaituba,89,BR,1559447560,97,-4.26,-55.99,296.115,1.04
160,catemaco,69,MX,1559447560,88,18.42,-95.11,298.71,0.45
161,samana,100,EC,1559447560,98,0.12,-76.97,294.715,1.04
162,salinopolis,100,BR,1559447560,79,-0.61,-47.36,301.215,6.28
163,talnakh,90,RU,1559447561,92,69.49,88.39,272.15,6.0
164,souillac,0,FR,1559447561,63,45.6,-0.6,292.15,2.6
165,porterville,1,US,1559447561,36,36.07,-119.02,301.15,2.6
166,middleton,75,CA,1559447516,66,44.94,-65.07,286.48,1.5
167,marfino,1,RU,1559447561,82,56.07,37.56,291.48,1.0
168,bonavista,0,CA,1559447561,85,48.65,-53.11,278.15,1.34
169,woodmere,90,US,1559447562,93,41.46,-81.48,289.82,2.6
170,baneh,0,IR,1559447529,26,35.99,45.88,299.15,4.1
171,togur,45,RU,1559447562,57,58.36,82.83,284.915,1.21
172,santa rosa,39,AR,1559447419,55,-36.62,-64.29,283.715,3.66
173,mitu,0,IR,1559447563,38,36.2,46.09,289.615,1.14
174,arraial do cabo,5,BR,1559447538,91,-22.97,-42.02,296.115,1.28
175,brenham,75,US,1559447564,83,30.17,-96.4,301.48,2.39
176,kysyl-syr,99,RU,1559447564,43,63.9,122.77,290.115,2.8
177,galle,75,US,1559447564,83,29.74,-97.91,301.48,1.5
178,najran,0,SA,1559447564,60,17.54,44.22,295.15,3.1
179,punta cardon,43,VE,1559447564,80,11.61,-70.22,301.015,6.36
180,aykhal,20,RU,1559447564,22,65.95,111.51,292.15,4.0
181,coihaique,90,CL,1559447564,100,-45.58,-72.07,274.15,1.5
182,faya,0,SA,1559447565,87,18.39,42.45,288.15,3.1
183,severo-kurilsk,100,RU,1559447565,93,50.68,156.12,278.415,5.49
184,vao,99,EE,1559447565,95,59.1,26.19,284.515,4.57
185,paysandu,0,UY,1559447565,95,-32.32,-58.08,284.82,0.83
186,ancud,90,CL,1559447565,100,-41.87,-73.83,283.15,6.2
187,port hedland,0,AU,1559447566,12,-20.31,118.58,297.15,10.3
188,vieques,1,PR,1559447566,78,18.43,-65.83,299.15,3.1
189,nantucket,90,US,1559447566,93,41.28,-70.1,287.04,3.1
190,beidao,100,CN,1559447566,28,34.57,105.89,295.415,1.39
191,bataipora,0,BR,1559447566,99,-22.3,-53.27,291.915,1.86
192,zima,100,RU,1559447462,48,53.93,102.05,289.515,2.47
193,darnah,56,LY,1559447566,79,32.77,22.64,291.715,2.38
194,den helder,90,NL,1559447275,87,52.96,4.76,290.93,4.1
195,saskylakh,0,RU,1559447566,57,71.97,114.09,282.215,4.4
196,rio gallegos,90,AR,1559447567,87,-51.62,-69.22,279.15,7.2
197,sarh,20,TD,1559447567,69,9.14,18.39,301.15,2.1
198,neuenburg,66,DE,1559447567,87,53.39,7.95,288.15,2.1
199,poya,97,NC,1559447567,76,-21.35,165.16,295.815,8.37
200,maine-soroa,55,NE,1559447567,37,13.21,12.02,305.815,1.7
201,cabo san lucas,5,MX,1559447277,69,22.89,-109.91,298.15,3.1
202,husavik,0,CA,1559447567,55,50.56,-96.99,282.04,4.11
203,san policarpo,78,PH,1559447568,71,12.18,125.51,303.415,4.78
204,bredasdorp,100,ZA,1559447568,93,-34.53,20.04,284.15,2.1
205,launceston,90,AU,1559447568,87,-41.43,147.14,283.71,3.1
206,huarmey,100,PE,1559447568,91,-10.07,-78.15,290.615,8.99
207,puerto madryn,0,AR,1559447568,54,-42.77,-65.04,283.315,4.52
208,maturin,100,VE,1559447568,88,9.75,-63.18,295.715,1.5
209,zeerust,0,ZA,1559447568,61,-25.54,26.07,281.15,1.5
210,chara,40,GR,1559447568,67,39.42,22.43,290.15,2.1
211,nabire,83,ID,1559447569,78,-3.36,135.5,301.215,1.19
212,nishihara,90,JP,1559447569,64,35.74,139.53,299.82,1.5
213,turki,38,RU,1559447569,87,51.98,43.27,289.715,3.49
214,bahce,0,TR,1559447569,77,37.2,36.58,293.15,2.6
215,blairmore,1,CA,1559447569,42,49.61,-114.44,293.15,3.38
216,arlit,92,NE,1559447569,31,18.74,7.39,305.815,4.11
217,san rafael,100,AR,1559447570,20,-34.61,-68.33,283.115,4.58
218,georgetown,20,GY,1559447474,94,6.8,-58.16,298.15,2.1
219,batagay-alyta,83,RU,1559447571,58,67.8,130.41,284.515,2.36
220,vermillion,1,US,1559447571,71,42.78,-96.93,290.37,2.6
221,songkhla,20,TH,1559447571,70,7.2,100.6,305.15,2.1
222,coruripe,5,BR,1559447571,95,-10.12,-36.18,295.015,1.88
223,zapote,40,EC,1559447571,83,-0.94,-80.07,298.15,2.6
224,soyo,87,AO,1559447571,82,-6.13,12.37,297.915,5.75
225,umm lajj,95,SA,1559447571,66,25.02,37.27,303.315,4.35
226,dingle,96,PH,1559447571,46,11.0,122.67,307.715,5.34
227,el cobre,20,CU,1559447572,74,20.05,-75.95,299.15,1.0
228,praia da vitoria,75,PT,1559447572,94,38.73,-27.07,293.15,6.85
229,katsuura,75,JP,1559447572,88,33.93,134.5,293.71,4.1
230,kinkala,20,CG,1559447572,88,-4.35,14.75,296.15,1.5
231,aginskoye,100,RU,1559447572,45,51.11,114.54,293.15,2.24
232,nikolskoye,0,RU,1559447572,76,59.7,30.79,286.48,2.0
233,peruibe,73,BR,1559447494,99,-24.32,-47.0,292.515,0.84
234,chateauroux,0,FR,1559447573,82,43.72,0.65,290.93,1.5
235,oistins,40,BB,1559447573,78,13.07,-59.53,300.15,5.7
236,chokurdakh,60,RU,1559447573,74,70.62,147.9,277.415,5.77
237,syasstroy,100,RU,1559447573,71,60.14,32.56,281.915,8.07
238,torbay,90,CA,1559447573,100,47.66,-52.73,279.26,4.6
239,alghero,0,IT,1559447573,87,40.56,8.32,287.59,0.5
240,longyearbyen,0,NO,1559447573,68,78.22,15.63,273.15,4.1
241,nacogdoches,1,US,1559447354,78,31.6,-94.66,299.26,1.5
242,lagoa,0,PT,1559447574,42,37.14,-8.45,294.82,3.1
243,fallon,1,US,1559447574,51,46.84,-105.12,289.15,2.6
244,sokoto,95,NG,1559447574,51,13.06,5.24,304.215,3.5
245,champerico,90,MX,1559447574,94,16.38,-93.6,296.15,1.5
246,gizo,75,IL,1559447575,88,31.8,34.94,295.15,3.6
247,lano,100,NG,1559447575,71,10.17,11.47,299.115,7.12
248,shahpur,14,IN,1559447575,31,22.19,77.91,310.115,5.61
249,narnaul,0,IN,1559447575,13,28.04,76.11,312.515,7.2
250,hornepayne,90,CA,1559447575,86,49.22,-84.78,279.115,2.59
251,tual,80,ID,1559447575,80,-5.67,132.75,301.315,9.02
252,samarai,78,PG,1559447575,70,-10.62,150.67,300.415,3.46
253,sitka,100,US,1559447576,49,37.17,-99.65,297.915,3.88
254,iqaluit,20,CA,1559447576,80,63.75,-68.52,274.15,1.5
255,roma,0,IT,1559447401,87,41.89,12.48,288.71,2.1
256,khorixas,0,NA,1559447576,37,-20.37,14.96,291.415,1.57
257,sorong,48,ID,1559447576,55,-0.86,131.25,307.115,0.75
258,sao filipe,21,CV,1559447576,84,14.9,-24.5,295.815,7.26
259,kautokeino,100,NO,1559447576,80,69.01,23.04,277.115,5.87
260,vaitape,0,PF,1559447576,69,-16.52,-151.75,300.915,4.18
261,campbell river,40,CA,1559447577,48,50.02,-125.24,291.15,5.7
262,gayeri,98,BF,1559447577,55,12.65,0.49,303.015,5.98
263,hay river,90,CA,1559447577,76,60.82,-115.79,285.15,5.1
264,panguna,99,PG,1559447577,76,-6.32,155.48,302.415,7.82
265,porto walter,0,BR,1559447577,83,-8.27,-72.74,297.015,0.87
266,emba,0,CY,1559447577,77,34.81,32.42,294.15,2.6
267,portland,1,US,1559447422,56,45.52,-122.67,295.93,6.2
268,dondo,20,MZ,1559447578,88,-19.62,34.74,294.15,1.0
269,tocopilla,0,CL,1559447578,85,-22.09,-70.2,291.215,7.38
270,wolgast,69,DE,1559447578,82,54.05,13.77,284.82,1.19
271,broome,92,GB,1559447578,82,52.47,1.45,290.93,4.1
272,ayan,99,TR,1559447578,80,40.67,33.6,286.315,0.85
273,taksimo,96,RU,1559447578,32,56.36,114.84,287.715,2.65
274,finnsnes,99,NO,1559447579,86,69.23,17.98,278.15,10.3
275,hammerfest,100,NO,1559447579,86,70.66,23.68,277.15,7.7
276,wahiawa,1,US,1559447559,58,21.5,-158.02,303.15,4.6
277,nioro,25,GM,1559447579,44,13.79,-15.05,297.815,3.96
278,gazli,0,UZ,1559447579,29,40.13,63.45,301.115,5.78
279,sistranda,75,NO,1559447579,93,63.73,8.83,280.93,1.0
280,hargeysa,93,SO,1559447579,80,9.56,44.06,293.115,7.75
281,flin flon,0,CA,1559447579,38,54.77,-101.88,283.015,2.09
282,mojo,100,ET,1559447580,72,8.59,39.12,290.915,1.97
283,lebu,93,ET,1559447580,83,8.96,38.73,287.815,1.71
284,aksu,40,KZ,1559447580,63,52.04,76.93,290.15,2.0
285,polovinnoye,99,RU,1559447580,72,54.79,65.99,292.015,4.5
286,verkhnevilyuysk,31,RU,1559447580,39,63.45,120.31,290.315,2.32
287,la reforma,75,GT,1559447581,100,14.8,-91.82,299.15,0.82
288,shimoda,75,JP,1559447581,78,34.7,138.93,298.15,4.1
289,sokolka,29,RU,1559447581,87,52.46,43.89,289.415,3.11
290,hailar,2,CN,1559447581,29,49.2,119.7,291.715,2.56
291,ko samui,20,TH,1559447581,66,9.54,99.94,306.15,4.1
292,joensuu,90,FI,1559447581,100,62.6,29.76,283.15,2.6
293,hennebont,75,FR,1559447581,93,47.81,-3.27,289.26,2.1
294,mlyniv,0,UA,1559447582,93,50.51,25.61,289.26,3.0
295,kerema,16,PG,1559447582,76,-7.96,145.78,302.215,4.02
296,lichinga,0,MZ,1559447582,77,-13.3,35.25,288.815,1.74
297,nuuk,90,GL,1559447582,85,64.17,-51.74,274.15,2.1
298,harindanga,40,IN,1559447582,79,22.04,88.32,305.15,6.7
299,honiara,75,SB,1559447582,66,-9.43,159.96,304.15,3.1
300,cockburn town,0,TC,1559447582,79,21.46,-71.14,300.615,8.67
301,pandamatenga,0,BW,1559447583,44,-18.54,25.64,285.615,2.99
302,barstow,90,US,1559447583,83,31.46,-103.39,300.93,5.1
303,atar,1,MR,1559447583,13,20.52,-13.05,305.315,2.84
304,mangalam,40,IN,1559447583,66,12.6,80.07,306.15,4.6
305,gaimersheim,21,DE,1559447583,93,48.81,11.37,285.93,1.24
306,ust-kuyga,48,RU,1559447300,65,70.0,135.55,284.015,5.1
307,ilulissat,48,GL,1559447583,74,69.22,-51.1,276.15,0.5
308,kushiro,75,JP,1559447584,55,43.11,144.15,292.15,6.7
309,lincoln,1,US,1559447584,67,40.8,-96.67,292.59,3.1
310,klaksvik,91,FO,1559447584,87,62.23,-6.59,280.15,4.1
311,necochea,40,AR,1559447527,90,-38.55,-58.74,282.04,2.68
312,songjianghe,8,CN,1559447584,24,42.18,127.48,297.915,5.02
313,north bend,90,US,1559447547,100,43.41,-124.22,286.48,10.8
314,haines junction,71,CA,1559447584,30,60.75,-137.51,285.215,2.53
315,tuatapere,89,NZ,1559447585,77,-46.13,167.69,283.15,6.97
316,waitara,1,NZ,1559447585,61,-39.0,174.24,284.82,0.89
317,east london,0,ZA,1559447454,93,-33.02,27.91,285.15,1.5
318,vardo,75,US,1559447585,77,39.62,-77.74,294.26,8.2
319,matara,2,PE,1559447585,87,-13.74,-72.9,273.615,0.64
320,aguimes,0,ES,1559447585,88,27.91,-15.45,292.15,1.0
321,pasighat,0,IN,1559447586,53,28.06,95.33,302.315,0.7
322,camacha,0,PT,1559447586,82,33.08,-16.33,301.15,5.1
323,puerto leguizamo,100,CO,1559447586,79,-0.19,-74.78,298.015,0.49
324,bilibino,96,RU,1559447586,90,68.06,166.44,277.515,2.93
325,quatre cocos,75,MU,1559447586,94,-20.21,57.76,296.15,3.6
326,felanitx,0,ES,1559447586,87,39.47,3.15,289.82,1.5
327,port blair,100,IN,1559447586,74,11.67,92.75,302.915,3.63
328,san juan,40,PH,1559447587,56,14.6,121.03,308.15,5.1
329,los llanos de aridane,0,ES,1559447587,88,28.66,-17.92,292.15,3.6
330,kuytun,98,RU,1559447587,56,54.34,101.51,284.815,3.18
331,bathsheba,40,BB,1559447588,78,13.22,-59.52,300.15,5.7
332,saint anthony,40,US,1559447588,40,43.97,-111.68,293.15,1.5
333,sulangan,58,PH,1559447588,68,11.14,123.72,303.815,3.95
334,tilichiki,88,RU,1559447588,65,60.47,166.1,285.415,5.77
335,lompoc,75,US,1559447588,82,34.64,-120.46,289.15,3.6
336,tortoli,0,IT,1559447588,62,39.93,9.66,284.415,1.9
337,roebourne,0,AU,1559447588,11,-20.77,117.15,297.015,11.87
338,hambantota,75,LK,1559447589,79,6.12,81.12,304.15,7.2
339,san lazaro,75,BZ,1559447589,88,18.04,-88.66,300.15,0.9
340,ostrovnoy,0,RU,1559447589,59,68.05,39.51,281.115,8.5
341,deputatskiy,0,RU,1559447589,54,69.3,139.9,286.615,4.95
342,yelovo,0,RU,1559447589,77,57.05,54.92,282.915,5.39
343,angoram,95,PG,1559447589,50,-4.06,144.07,306.415,2.27
344,vanavara,100,RU,1559447589,58,60.35,102.28,284.215,2.05
345,wattegama,97,LK,1559447589,66,7.35,80.68,300.915,3.55
346,moyale,76,ET,1559447590,95,3.52,39.05,293.415,3.74
347,peniche,0,PT,1559447328,93,39.36,-9.38,295.15,1.5
348,maldonado,0,UY,1559447399,81,-34.91,-54.96,284.15,1.5
349,anbu,40,CN,1559447590,89,23.45,116.68,302.15,3.0
350,fort saint james,1,CA,1559447590,34,54.43,-124.25,288.715,4.58
351,san cristobal,75,EC,1559447590,93,-0.39,-78.55,287.15,2.6
352,havelock,1,US,1559447532,94,34.88,-76.9,294.82,0.96
353,marrakesh,0,MA,1559447591,28,31.63,-7.99,296.15,2.1
354,aksarka,94,RU,1559447591,70,66.56,67.8,280.715,6.48
355,luganville,40,VU,1559447591,69,-15.51,167.18,300.15,3.1
356,ciudad bolivar,100,VE,1559447591,66,8.12,-63.55,301.415,4.95
357,cap malheureux,75,MU,1559447591,94,-19.98,57.61,296.15,3.6
358,fare,0,PF,1559447591,67,-16.7,-151.02,300.615,3.56
359,carnarvon,33,ZA,1559447591,54,-30.97,22.13,282.415,1.01
360,olginskaya,0,RU,1559447591,72,45.94,38.55,294.115,1.45
361,san quintin,93,PH,1559447592,50,17.54,120.52,307.515,3.11
362,ishigaki,75,JP,1559447592,84,24.34,124.16,304.15,8.2
363,kungurtug,100,RU,1559447592,52,50.6,97.53,284.515,3.84
364,michalovce,0,SK,1559447592,93,48.75,21.92,290.15,3.04
365,lujan,36,AR,1559447592,77,-46.57,-67.67,279.615,4.0
366,inuvik,20,CA,1559447592,43,68.36,-133.71,284.15,7.7
367,pomoryany,87,UA,1559447592,95,49.64,24.93,286.115,1.71
368,kaeo,97,NZ,1559447593,100,-35.1,173.78,287.04,5.1
369,kajaani,75,FI,1559447481,93,64.22,27.73,280.15,2.1
370,garissa,1,KE,1559447593,71,-0.46,39.64,297.815,5.56
371,kahului,40,US,1559447593,58,20.89,-156.47,301.15,10.8
372,santa maria da vitoria,0,BR,1559447593,54,-13.39,-44.19,295.215,1.31
373,iberia,0,PE,1559447593,89,-11.41,-69.49,296.715,1.3
374,winona,75,CA,1559447593,93,43.21,-79.65,289.26,4.6
375,novoagansk,0,RU,1559447593,47,61.94,76.66,282.415,1.17
376,provideniya,4,RU,1559447594,61,64.42,-173.23,281.715,2.16
377,tommot,0,RU,1559447594,33,58.97,126.27,292.615,0.57
378,marshall,1,US,1559447594,77,39.39,-87.69,296.15,2.6
379,imeni poliny osipenko,8,RU,1559447594,48,52.42,136.49,289.615,3.26
380,carutapera,100,BR,1559447594,90,-1.2,-46.02,298.515,2.46
381,bria,100,CF,1559447594,91,6.54,21.99,294.915,1.63
382,kamarion,20,GR,1559447595,82,36.8,25.82,292.59,8.7
383,ucluelet,8,CA,1559447552,85,48.94,-125.55,293.15,0.45
384,bud,100,NO,1559447596,93,62.91,6.91,280.37,1.5
385,port elizabeth,1,US,1559447596,88,39.31,-74.98,295.37,1.92
386,shirokiy,0,RU,1559447596,86,53.87,39.17,287.315,2.02
387,teguise,0,ES,1559447596,68,29.06,-13.56,295.15,2.1
388,balotra,0,IN,1559447596,36,25.83,72.24,308.115,7.45
389,phayao,98,TH,1559447596,84,19.17,99.9,299.515,1.54
390,mandalgovi,0,MN,1559447597,29,45.76,106.27,286.515,9.98
391,pochutla,90,MX,1559447597,94,15.74,-96.47,298.15,0.36
392,praya,40,ID,1559447597,62,-8.71,116.27,303.15,7.7
393,semnan,0,IR,1559447424,34,35.58,53.39,288.415,1.02
394,tiarei,20,PF,1559447375,66,-17.53,-149.33,302.15,3.1
395,biak,93,ID,1559447597,91,-0.91,122.88,295.015,1.4
396,lusambo,100,CD,1559447597,92,-4.97,23.44,293.015,0.93
397,puerto el triunfo,40,SV,1559447597,83,13.27,-88.55,301.15,1.5
398,pangnirtung,55,CA,1559447598,56,66.15,-65.72,278.315,1.01
399,adeje,100,NG,1559447598,87,5.68,5.76,298.915,2.61
400,andrushivka,100,UA,1559447598,90,50.03,29.02,288.915,2.63
401,karak,16,JO,1559447598,42,31.18,35.7,292.15,2.6
402,padang,66,ID,1559447598,75,-0.92,100.36,300.815,1.05
403,republic,1,US,1559447598,26,48.65,-118.74,302.15,2.6
404,nicoya,75,CR,1559447599,88,10.15,-85.45,300.15,1.5
405,vila velha,20,BR,1559447599,83,-3.71,-38.6,303.15,2.6
406,lima,90,PE,1559447599,88,-12.06,-77.04,291.15,5.1
407,nerchinskiy zavod,26,RU,1559447599,25,51.31,119.61,294.915,0.56
408,muzhi,100,RU,1559447599,66,65.4,64.7,282.215,4.47
409,campbeltown,100,GB,1559447600,100,55.43,-5.61,287.15,11.3
410,ishinomaki,75,JP,1559447600,72,38.42,141.3,293.15,4.6
411,liverpool,100,GB,1559447600,72,53.41,-2.98,290.37,2.1
412,thessalon,1,CA,1559447600,66,46.26,-83.55,284.15,2.6
413,kang,0,BW,1559447600,47,-23.67,22.79,284.215,1.98
414,mogadishu,96,SO,1559447600,81,2.04,45.34,298.415,4.58
415,hede,100,SE,1559447600,100,60.45,15.49,281.48,3.1
416,saint-pierre,0,FR,1559447601,93,48.95,4.24,287.15,3.6
417,saint-joseph,0,FR,1559447601,77,43.56,6.97,292.15,1.5
418,kongolo,1,CD,1559447601,62,-5.39,27.0,295.315,0.99
419,gilbues,0,BR,1559447601,66,-9.83,-45.34,295.615,1.28
420,banjar,100,ID,1559447602,87,-7.37,108.54,297.815,0.77
421,umtata,0,ZA,1559447602,100,-31.59,28.78,280.15,0.5
422,young,0,UY,1559447602,95,-32.7,-57.63,284.82,0.72
423,markivka,34,UA,1559447602,83,49.52,39.57,292.615,6.29
424,sioux lookout,20,CA,1559447602,56,50.1,-91.92,281.15,1.0
425,gravdal,96,NO,1559447602,93,59.79,5.78,284.26,6.2
426,kaohsiung,40,TW,1559447305,66,22.62,120.31,305.15,4.6
427,stokmarknes,96,NO,1559447603,88,68.56,14.91,279.26,0.89
428,aquiraz,20,BR,1559447603,83,-3.9,-38.39,303.15,2.6
429,gat,75,SN,1559447492,94,14.69,-16.54,293.15,6.7
430,parlier,1,US,1559447603,39,36.61,-119.53,304.15,3.6
431,hamilton,75,CA,1559447487,93,43.26,-79.87,289.26,4.6
432,vieux-habitants,61,GP,1559447603,94,16.06,-61.77,296.15,1.5
433,botwood,75,CA,1559447603,100,49.14,-55.34,279.82,2.1
434,hlobyne,100,UA,1559447604,94,49.39,33.25,291.615,2.77
435,gopamau,1,IN,1559447604,35,27.53,80.29,308.915,7.98
436,dongsheng,40,CN,1559447604,53,29.72,112.52,302.515,3.09
437,boa vista,75,BR,1559447605,78,2.82,-60.67,301.15,0.5
438,porlamar,20,VE,1559447457,88,10.96,-63.85,300.15,5.62
439,usinsk,37,RU,1559447375,70,66.0,57.56,284.115,0.41
440,saint-augustin,0,FR,1559447605,72,44.83,-0.61,291.48,1.5
441,hofn,47,IS,1559447605,82,64.25,-15.21,268.815,4.06
442,orlik,100,RU,1559447606,66,52.51,99.83,277.115,1.88
443,takoradi,100,GH,1559447606,95,4.89,-1.75,296.815,1.45
444,walvis bay,0,NA,1559447606,100,-22.95,14.51,278.15,1.5
445,kuusamo,0,FI,1559447606,70,65.96,29.19,280.15,2.6
446,port-cartier,20,CA,1559447606,80,50.03,-66.88,278.71,4.1
447,vilyuysk,89,RU,1559447606,43,63.75,121.63,290.315,2.26
448,alofi,93,NU,1559447606,57,-19.06,-169.92,300.15,2.1
449,otavi,0,NA,1559447607,31,-19.64,17.34,288.215,4.06
450,touros,20,BR,1559447607,94,-5.2,-35.46,297.15,2.1
451,lasa,0,CY,1559447607,77,34.92,32.53,294.15,2.6
452,terney,77,RU,1559447539,53,45.05,136.61,292.315,2.88
453,salinas,90,US,1559447607,93,36.67,-121.66,290.93,2.1
454,onguday,100,RU,1559447607,91,50.75,86.14,282.615,1.5
455,deer lake,5,CA,1559447607,86,49.18,-57.43,276.15,2.6
456,omsukchan,75,RU,1559447608,48,62.53,155.8,287.815,5.21
457,skjervoy,100,NO,1559447608,89,70.03,20.97,277.615,5.1
458,ahipara,89,NZ,1559447609,100,-35.17,173.16,287.04,7.03
459,ternate,40,PH,1559447609,56,14.29,120.72,308.15,5.1
460,jiehu,0,CN,1559447609,32,35.54,118.45,303.615,5.72
461,tazovskiy,100,RU,1559447609,96,67.47,78.7,273.415,1.29
462,abay,0,KZ,1559447610,64,49.63,72.87,293.15,3.0
463,brunico,36,IT,1559447610,87,46.8,11.94,283.15,2.1
464,lubao,75,PH,1559447610,56,14.94,120.6,308.15,3.1
465,huaicheng,43,CN,1559447610,70,23.91,112.19,302.215,1.46
466,aras,98,YE,1559447610,60,14.28,44.38,294.415,0.81
467,shetpe,0,KZ,1559447610,28,44.14,52.16,299.815,0.61
468,north port,40,US,1559447610,78,27.04,-82.24,301.48,1.99
469,port hardy,20,CA,1559447610,58,50.7,-127.42,286.15,5.7
470,ornskoldsvik,0,SE,1559447611,70,63.29,18.72,280.15,4.1
471,karratha,0,AU,1559447611,10,-20.74,116.85,297.415,12.22
472,khvastovichi,0,RU,1559447611,77,53.47,35.09,289.15,1.04
473,golden gate,40,US,1559447611,73,38.36,-88.2,297.15,2.96
474,nome,1,US,1559447611,83,30.04,-94.42,301.48,3.03
475,llanes,38,ES,1559447611,90,43.42,-4.75,289.82,0.45
476,poronaysk,100,RU,1559447612,59,49.22,143.1,290.115,2.21
477,warrington,100,GB,1559447612,72,53.39,-2.59,290.37,2.1
478,kuminskiy,52,RU,1559447612,53,58.67,66.57,289.415,4.35
479,mantua,0,IT,1559447323,82,45.16,10.79,293.15,1.5
480,raudeberg,99,NO,1559447612,100,61.99,5.14,280.93,6.2
481,ghogha,7,IN,1559447612,50,21.69,72.28,306.515,3.94
482,alma,1,US,1559447612,72,40.1,-99.36,290.93,2.6
483,mount isa,0,AU,1559447613,24,-20.73,139.49,293.15,8.2
484,yabrud,0,SY,1559447543,55,33.97,36.66,292.04,3.6
485,klyuchi,0,RU,1559447613,44,52.25,79.17,289.315,2.64
486,sumenep,85,ID,1559447613,60,-7.02,113.87,302.915,2.67
487,palmer,75,AU,1559447613,87,-34.85,139.16,288.15,6.7
488,colorado,0,BR,1559447613,99,-22.84,-51.97,293.71,0.89
489,micheweni,1,TZ,1559447613,69,-4.97,39.83,300.615,7.81
490,maltahohe,0,NA,1559447613,44,-24.83,16.98,281.815,1.15
491,matamoros,75,US,1559447417,78,25.87,-97.51,301.48,1.5
492,patamundai,35,IN,1559447614,63,20.57,86.57,306.715,5.93
493,borsec,17,RO,1559447614,100,46.96,25.56,287.59,1.18
494,luau,59,CD,1559447563,53,-10.7,22.23,287.415,1.73
495,kearney,1,US,1559447614,72,40.7,-99.08,291.15,2.6
496,shchigry,88,RU,1559447614,91,51.87,36.91,289.82,3.13
497,broken hill,75,AU,1559447614,58,-31.97,141.45,286.15,7.7
498,sao felix do xingu,0,BR,1559447615,95,-6.64,-51.99,294.615,1.31
499,sangar,11,RU,1559447615,36,63.92,127.47,292.115,3.39
500,vostok,100,RU,1559447615,72,46.45,135.83,288.115,2.45
501,comodoro rivadavia,0,AR,1559447615,93,-45.87,-67.48,277.15,0.5
502,at-bashi,82,KG,1559447615,93,41.17,75.81,290.37,1.68
503,coahuayana,100,MX,1559447615,54,18.62,-100.35,302.915,1.58
504,sept-iles,20,CA,1559447348,80,50.2,-66.38,278.71,4.1
505,constitucion,75,MX,1559447615,59,23.99,-104.67,292.59,1.0
506,mehamn,99,NO,1559447616,93,71.03,27.85,276.415,5.88
507,tomatlan,26,MX,1559447616,79,19.93,-105.25,297.215,4.76
508,bukama,0,CD,1559447616,59,-9.2,25.85,291.115,1.86
509,nizhnevartovsk,90,RU,1559447475,61,60.93,76.58,283.15,2.0
510,deutschlandsberg,40,AT,1559447616,93,46.81,15.21,288.71,1.5
511,kotido,29,UG,1559447616,89,3.01,34.12,291.815,0.33
512,staraya toropa,95,RU,1559447616,86,56.28,31.67,285.815,2.73
513,petropavlovsk-kamchatskiy,40,RU,1559447618,62,53.05,158.65,287.15,2.0
514,borzna,73,UA,1559447618,87,51.25,32.43,287.815,2.19
515,verkhnyaya inta,100,RU,1559447618,89,65.99,60.32,280.615,4.21
516,dongli,40,CN,1559447618,74,24.18,117.61,303.15,2.0
517,zapolyarnyy,100,RU,1559447618,86,69.43,30.82,278.15,10.3
518,jiexiu,0,CN,1559447618,9,37.02,111.92,302.815,5.16
519,dudinka,90,RU,1559447618,92,69.41,86.18,272.15,6.0
520,meylan,0,FR,1559447619,81,45.21,5.78,289.26,2.1
521,suntar,0,RU,1559447619,32,62.16,117.65,291.215,3.07
522,te anau,21,NZ,1559447619,76,-45.41,167.72,279.015,0.92
523,bartica,20,GY,1559447619,94,6.41,-58.62,298.15,2.1
524,midland,98,US,1559447619,58,32.0,-102.08,301.15,4.6
525,bom jardim,40,BR,1559447620,94,-7.8,-35.59,295.15,3.1
526,mumbwa,0,ZM,1559447620,69,-14.99,27.06,284.615,1.2
527,aswan,0,EG,1559447620,15,24.09,32.9,305.15,2.6
528,ashqelon,75,IL,1559447371,88,31.67,34.57,295.15,4.6
529,veraval,0,FR,1559447620,93,49.65,0.71,294.15,3.6
530,krasnaya gora,0,RU,1559447620,77,53.01,31.6,289.15,2.0
531,estrela,98,BR,1559447620,96,-29.5,-51.96,289.82,1.83
532,winnemucca,90,US,1559447620,71,40.97,-117.74,290.37,6.2
